id,name,fr
1216,Frost Bracers,7
1981,Icemail Jerkin,10
7002,Arctic Buckler,5
7949,Leggings of Thero-shan,11
9452,Hydrocane,15
9489,Gyromatic Icemaker,5
10763,Icemetal Barbute,10
11932,Guiding Stave of Wisdom,10
12420,Radiant Leggings,18
13394,Skul's Cold Embrace,10
13534,Banshee Finger,10
13537,Chillhide Bracers,15
13986,Crown of Caer Darrow,15
14100,Brightcloth Robe,16
14101,Brightcloth Gloves,12
14103,Brightcloth Cloak,7
14104,Brightcloth Pants,17
14502,Frostbite Girdle,10
15068,Frostsaber Tunic,18
15069,Frostsaber Leggings,17
15071,Frostsaber Boots,12
15070,Frostsaber Gloves,13
16900,Stormrage Cover,10
16908,Bloodfang Hood,10
16914,Netherwind Crown,10
16929,Nemesis Skullcap,10
16939,Dragonstalker's Helm,10
16947,Helmet of Ten Storms,10
16955,Judgement Crown,10
16963,Helm of Wrath,10
18547,Unmelting Ice Girdle,16
18678,Tempestria's Frozen Necklace,15
18699,Icy Tomb Spaulders,10
19084,Stormpike Soldier's Cloak,5
19085,Frostwolf Advisor's Cloak,5
19083,Frostwolf Legionnaire's Cloak,5
19088,Frostwolf Mail Belt,5
19087,Frostwolf Plate Belt,5
19089,Frostwolf Leather Belt,5
19093,Stormpike Leather Girdle,5
19091,Stormpike Plate Girdle,5
19094,Stormpike Cloth Girdle,5
19092,Stormpike Mail Girdle,5
19086,Stormpike Sage's Cloak,5
19090,Frostwolf Cloth Belt,5
21526,Band of Icy Depths,20
22655,Glacial Wrists,20
22652,Glacial Vest,40
22654,Glacial Gloves,30
22658,Glacial Cloak,24
22665,Icy Scale Bracers,20
22662,Polar Gloves,30
22661,Polar Tunic,40
22663,Polar Bracers,20
22670,Icebane Gauntlets,32
22666,Icy Scale Gauntlets,30
22664,Icy Scale Breastplate,40
22669,Icebane Breastplate,42
22671,Icebane Bracers,24
22699,Icebane Leggings,40
22700,Glacial Leggings,40
22701,Polar Leggings,40
22707,Ramaladni's Icy Grasp,25
22702,Icy Scale Leggings,40
22818,The Plague Bearer,15
22935,Touch of Frost,24
22940,Icebane Pauldrons,33
22941,Polar Shoulder Pads,33
22967,Icy Scale Spaulders,33
22968,Glacial Mantle,33
23020,Polar Helmet,44
23019,Icebane Helmet,44
23028,Hailstone Band,20
23033,Icy Scale Coif,44
23032,Glacial Headdress,40
24093,Pendant of Thawing,30
24575,Outlander's Girdle,17
24587,Outlander's Pauldrons,17
24582,Outlander's Boots,17
24584,Outlander's Gloves,17
24588,Outlander's Bracers,13
24583,Outlander's Tunic,24
24586,Outlander's Leggings,24
24590,Fireheart Boots,19
24591,Fireheart Chestpiece,25
24592,Fireheart Gloves,19
24585,Outlander's Facewrap,24
24594,Fireheart Leggings,25
24599,Starfire Vest,26
24589,Fireheart Girdle,19
24595,Fireheart Shoulderpads,19
24598,Starfire Sandals,19
24593,Fireheart Skullcap,25
24600,Starfire Gloves,19
24601,Starfire Circlet,26
24596,Fireheart Bracers,13
24597,Starfire Sash,19
24602,Starfire Trousers,26
24603,Starfire Mantle,19
24610,Laughing Skull Pants,27
24604,Starfire Wristwraps,14
24612,Laughing Skull Bracelets,15
24607,Laughing Skull Tunic,27
24606,Laughing Skull Boot,20
24605,Laughing Skull Waistguard,20
24609,Laughing Skull Cap,27
24608,Laughing Skull Gloves,20
24615,Vindicator Tunic,28
24614,Vindicator Boots,21
24613,Vindicator Belt,21
24611,Laughing Skull Shoulderpads,20
24617,Vindicator Cap,28
24621,Slavehandler Belt,21
24618,Vindicator Pants,28
24619,Vindicator Shoulderpads,21
24623,Slavehandler Jerkin,29
24620,Vindicator Bracers,15
24622,Slavehandler Footpads,21
24626,Slavehandler Pants,29
24624,Slavehandler Handwraps,21
24616,Vindicator Gloves,21
24625,Slavehandler Cap,29
24631,Feralfen Jerkin,30
24627,Slavehandler Amice,21
24629,Feralfen Sash,22
24632,Feralfen Hand,22
24634,Feralfen Pants,30
24630,Feralfen Sandals,22
24628,Slavehandler Wristguards,16
24633,Feralfen Hood,30
24636,Feralfen Cuffs,17
24637,Mistyreed Belt,23
24640,Mistyreed Gloves,23
24635,Feralfen Amice,22
24638,Mistyreed Boots,23
24641,Mistyreed Hood,31
24639,Mistyreed Tunic,31
24642,Mistyreed Pants,31
24643,Mistyreed Shoulderpads,23
24646,Astralaan Boots,23
24649,Astralaan Headdress,32
24652,Astralaan Bracer,17
24648,Astralaan Gloves,23
24644,Mistyreed Bracers,17
24647,Astralaan Robe,32
24645,Astralaan Belt,23
24653,Consortium Sash,25
24651,Astralaan Shoulderpads,23
24655,Consortium Robe,33
24656,Consortium Gloves,25
24650,Astralaan Pants,32
24658,Consortium Pants,33
24659,Consortium Mantle,25
24654,Consortium Boot,25
24657,Consortium Hood,33
24662,Shadow Council Boots,25
24660,Consortium Bracer,18
24665,Shadow Council Cowl,34
24669,Eldr'naan Belt,26
24661,Shadow Council Chain,25
24666,Shadow Council Pants,34
24663,Shadow Council Tunic,34
24664,Shadow Council Gloves,25
24667,Shadow Council Mantle,25
24668,Shadow Council Bracer,19
24670,Eldr'naan Boots,26
24673,Eldr'naan Hood,35
24672,Eldr'naan Gloves,26
24676,Eldr'naan Bracelets,19
24674,Eldr'naan Pants,35
24671,Eldr'naan Jerkin,35
24675,Eldr'naan Shoulderpads,26
24680,Archmage Gloves,27
24679,Archmage Robe,36
24681,Archmage Headpiece,36
24677,Archmage Belt,27
24685,Elementalist Belt,27
24678,Archmage Slippers,27
24683,Archmage Mantle,27
24688,Elementalist Gloves,27
24686,Elementalist Boots,27
24682,Archmage Pants,36
24694,Bonechewer Shredboots,17
24687,Elementalist Tunic,37
24689,Elementalist Skullcap,37
24684,Archmage Bracelets,20
24693,Bonechewer Pelt-Girdle,17
24696,Bonechewer Spikegloves,17
24698,Bonechewer Ripleggings,24
24691,Elementalist Mantle,27
24697,Bonechewer Skincloak,24
24695,Bonechewer Chestpiece,24
24690,Elementalist Leggings,37
24703,Haal'eshi Jerkin,25
24692,Elementalist Bracelets,21
24701,Haal'eshi Cord,19
24700,Bonechewer Bands,13
24704,Haal'eshi Gloves,19
24699,Bonechewer Shoulderguards,17
24706,Haal'eshi Leggings,25
24707,Haal'eshi Pauldrons,19
24702,Haal'eshi Boots,19
24705,Haal'eshi Hat,25
24709,Vengeance Belt,19
24708,Haal'eshi Bindings,13
24713,Vengeance Helm,26
24711,Vengeance Chestpiece,26
24712,Vengeance Gloves,19
24714,Vengeance Legguards,26
24715,Vengeance Pauldrons,19
24710,Vengeance Boots,19
24718,Dreghood Boots,20
24717,Dreghood Belt,20
24721,Dreghood Cowl,27
24723,Dreghood Pauldrons,20
24716,Vengeance Bands,14
24724,Dreghood Bands,15
24719,Dreghood Chestpiece,27
24722,Dreghood Trousers,27
24720,Dreghood Gloves,20
24725,Dementia Cord,21
24726,Dementia Boots,21
24729,Dementia Hood,28
24727,Dementia Vest,28
24728,Dementia Gloves,21
24734,Sunroc Boots,21
24730,Dementia Trousers,28
24731,Dementia Shoulderguards,21
24732,Dementia Armguards,15
24733,Sunroc Waistband,21
24736,Sunroc Gloves,21
24735,Sunroc Chestpiece,29
24740,Sunroc Armguards,16
24745,Ranger Hat,30
24738,Sunroc Pants,29
24741,Ranger Belt,22
24737,Sunroc Mask,29
24739,Sunroc Shoulderguards,21
24744,Ranger Gloves,22
24743,Ranger Jerkin,30
24742,Ranger Boots,22
24746,Ranger Pants,30
24748,Ranger Armguards,17
24747,Ranger Pauldrons,22
24749,Daggerfen Belt,23
24751,Daggerfen Battlevest,31
24754,Daggerfen Stitchpants,31
24750,Daggerfen Boots,23
24756,Daggerfen Bindings,17
24755,Daggerfen Pauldrons,23
24757,Umbrafen Waistband,23
24752,Daggerfen Gloves,23
24753,Daggerfen Cowl,31
24760,Umbrafen Gloves,23
24761,Umbrafen Cap,32
24758,Umbrafen Boots,23
24759,Umbrafen Tunic,32
24763,Umbrafen Shoulderguards,23
24762,Umbrafen Britches,32
24765,Clefthoof Belt,25
24764,Umbrafen Bindings,17
24769,Clefthoof Cover,33
24771,Clefthoof Shoulderguards,25
24768,Clefthoof Gloves,25
24767,Clefthoof Hidemantle,33
24772,Clefthoof Bracers,18
24766,Clefthoof Wanderboots,25
24770,Clefthoof Britches,33
24777,Boneshredder Skullcap,34
24776,Boneshredder Gloves,25
24780,Boneshredder Wristguards,19
24773,Boneshredder Belt,25
24774,Boneshredder Boots,25
24775,Boneshredder Jerkin,34
24783,Murkblood Boots,26
24779,Boneshredder Shoulderguards,25
24778,Boneshredder Britches,34
24781,Murkblood Belt,26
24788,Murkblood Shoulderguards,26
24785,Murkblood Gloves,26
24786,Murkblood Cover,35
24789,Murkblood Bracers,19
24784,Murkblood Chestpiece,35
24787,Murkblood Pants,35
24794,Expedition Hood,36
24792,Expedition Tunic,36
24790,Expedition Girdle,27
24795,Expedition Pants,36
24793,Expedition Gloves,27
24796,Expedition Shoulderguards,27
24799,Dragonhawk Boots,27
24791,Expedition Boots,27
24798,Dragonhawk Belt,27
24801,Dragonhawk Gloves,27
24802,Dragonhawk Hat,37
24797,Expedition Bracers,20
24800,Dragonhawk Tunic,37
24806,Unyielding Waistband,17
24807,Unyielding Footwraps,17
24808,Unyielding Chain Vest,24
24805,Dragonhawk Bands,21
24811,Unyielding Leggings,24
24803,Dragonhawk Pants,37
24812,Unyielding Spaulders,17
24809,Unyielding Fists,17
24817,Felstone Gauntlets,19
24813,Unyielding Bindings,13
24810,Unyielding Helm,24
24804,Dragonhawk Shoulderguards,27
24816,Felstone Chain Vest,25
24818,Felstone Helm,25
24814,Felstone Waistband,19
24820,Felstone Spaulders,19
24823,Netherstalker Greaves,19
24822,Netherstalker Belt,19
24824,Netherstalker Armor,26
24815,Felstone Greaves,19
24821,Felstone Bindings,13
24819,Felstone Leggings,25
24825,Netherstalker Gloves,19
24829,Netherstalker Bracer,14
24826,Netherstalker Helmet,26
24827,Netherstalker Legguards,26
24828,Netherstalker Mantle,19
24836,Nexus-Strider Mantle,20
24830,Nexus-Strider Belt,20
24833,Nexus-Strider Gloves,20
24834,Nexus-Strider Helmet,27
24835,Nexus-Strider Legwraps,27
24831,Nexus-Strider Greaves,20
24832,Nexus-Strider Breastplate,27
24837,Nexus-Strider Bracer,15
24841,Wrathfin Gloves,21
24839,Wrathfin Greaves,21
24840,Wrathfin Armor,28
24838,Wrathfin Waistband,21
24845,Wrathfin Bindings,15
24842,Wrathfin Helmet,28
24844,Wrathfin Mantle,21
24848,Fenclaw Armor,29
24849,Fenclaw Fists,21
24843,Wrathfin Legguards,28
24847,Fenclaw Footwraps,21
24853,Fenclaw Bindings,16
24852,Fenclaw Mantle,21
24850,Fenclaw Helm,29
24846,Fenclaw Waistband,21
24851,Fenclaw Legguards,29
24856,Marshcreeper Fen-Vest,30
24854,Marshcreeper Belt,22
24857,Marshcreeper Gloves,22
24855,Marshcreeper Sludgeboots,22
24860,Marshcreeper Mantle,22
24858,Marshcreeper Helm,30
24861,Marshcreeper Bracelets,17
24862,Blood Knight Girdle,23
24859,Marshcreeper Leggings,30
24864,Blood Knight Breastplate,31
24870,Ironspine Belt,23
24866,Blood Knight Helm,31
24863,Blood Knight Boots,23
24868,Blood Knight Pauldrons,23
24865,Blood Knight Gauntlets,23
24867,Blood Knight Greaves,31
24869,Blood Knight Bracers,17
24871,Ironspine Greaves,23
24873,Ironspine Gloves,23
24876,Ironspine Shoulderguards,23
24875,Ironspine Legguards,32
24877,Ironspine Bracelets,17
24872,Ironspine Chain Vest,32
24882,Der'izu Helm,33
24879,Der'izu Greaves,25
24881,Der'izu Fists,25
24886,Skettis Belt,25
24874,Ironspine Helm,32
24885,Der'izu Bracer,18
24880,Der'izu Chestpiece,33
24884,Der'izu Spaulders,25
24883,Der'izu Legguards,33
24878,Der'izu Belt,25
24892,Skettis Spaulders,25
24887,Skettis Footwraps,25
24888,Skettis Chestpiece,34
24891,Skettis Legguards,34
24889,Skettis Gauntlets,25
24898,Sundered Helmet,35
24893,Skettis Bracer,19
24890,Skettis Helmet,34
24895,Sundered Footwraps,26
24894,Sundered Waistband,26
24896,Sundered Chestpiece,35
24899,Sundered Legguards,35
24897,Sundered Gauntlets,26
24910,Netherstorm Belt,27
24901,Tortured Bracer,19
24908,Talhide Shoulderguards,27
24903,Talhide Lined-Boots,27
24900,Sundered Spaulders,26
24902,Talhide Stitched-Belt,27
24907,Talhide Lined-Leggings,36
24904,Talhide Chestpiece,36
24913,Netherstorm Gauntlets,27
24905,Talhide Lined-Gloves,27
24912,Netherstorm Chestpiece,37
24906,Talhide Helmet,36
24909,Talhide Lined-Bracers,20
24911,Netherstorm Greaves,27
24917,Netherstorm Bracer,21
24914,Netherstorm Helm,37
24918,Grimscale Belt,17
24920,Grimscale Armor,24
24919,Grimscale Sabatons,17
24916,Netherstorm Shoulderguards,27
24915,Netherstorm Legguards,37
24921,Grimscale Gauntlets,17
24924,Grimscale Pauldrons,17
24923,Grimscale Legguards,24
24922,Grimscale Helm,24
24925,Grimscale Vambraces,13
24933,Ango'rosh Vambraces,13
24931,Ango'rosh Legguards,25
24927,Ango'rosh Sabatons,19
24929,Ango'rosh Gauntlets,19
24926,Ango'rosh Belt,19
24932,Ango'rosh Pauldrons,19
24930,Ango'rosh Helm,25
24928,Ango'rosh Breastplate,25
24934,Darkcrest Belt,19
24935,Darkcrest Sabatons,19
24938,Darkcrest Helm,26
24941,Darkcrest Bracers,14
24936,Darkcrest Breastplate,26
24945,Bloodscale Gauntlets,20
24939,Darkcrest Legguards,26
24937,Darkcrest Gauntlets,19
24940,Darkcrest Pauldrons,19
24946,Bloodscale Helm,27
24942,Bloodscale Belt,20
24944,Bloodscale Breastplate,27
24949,Bloodscale Bracers,15
24948,Bloodscale Pauldrons,20
24950,Bogslayer Belt,21
24943,Bloodscale Sabatons,20
24954,Bogslayer Helm,28
24951,Bogslayer Sabatons,21
24952,Bogslayer Breastplate,28
24953,Bogslayer Gauntlets,21
24957,Bogslayer Bracers,15
24955,Bogslayer Legplates,28
24960,Khan'aish Breastplate,29
24947,Bloodscale Legguards,27
24958,Khan'aish Girdle,21
24959,Khan'aish Greaves,21
24956,Bogslayer Pauldrons,21
24962,Khan'aish Helmet,29
24965,Khan'aish Bracers,16
24964,Khan'aish Epaulets,21
24967,Talonguard Greaves,22
24972,Talonguard Epaulets,22
24961,Khan'aish Gloves,21
24963,Khan'aish Legplates,29
24970,Talonguard Helmet,30
24966,Talonguard Girdle,22
24975,Reaver Greaves,23
24968,Talonguard Armor,30
24973,Talonguard Bracers,17
24977,Reaver Gloves,23
24969,Talonguard Gloves,22
24976,Reaver Armor,31
24971,Talonguard Legplates,30
24974,Reaver Girdle,23
24982,Boulderfist Belt,23
24980,Reaver Epaulets,23
24983,Boulderfist Greaves,23
24985,Boulderfist Gloves,23
24979,Reaver Legplates,31
24981,Reaver Bracers,17
24978,Reaver Helmet,31
24989,Boulderfist Bracers,17
24986,Boulderfist Helm,32
24990,Warmaul Belt,25
24984,Boulderfist Armor,32
24994,Warmaul Helmet,33
24991,Warmaul Greaves,25
24988,Boulderfist Epaulets,23
24987,Boulderfist Legplates,32
24993,Warmaul Gloves,25
24997,Warmaul Vambraces,18
24998,Bloodfist Girdle,25
25000,Bloodfist Breastplate,34
24996,Warmaul Epaulets,25
24992,Warmaul Breastplate,33
24995,Warmaul Legplates,33
24999,Bloodfist Greaves,25
25005,Bloodfist Vambraces,19
25003,Bloodfist Legplates,34
25001,Bloodfist Gloves,25
25002,Bloodfist Helmet,34
25009,Conqueror's Gauntlets,26
25004,Bloodfist Epaulets,25
25008,Conqueror's Breastplate,35
25012,Conqueror's Epaulets,26
25007,Conqueror's Greaves,26
25006,Conqueror's Girdle,26
25013,Conqueror's Vambraces,19
25011,Conqueror's Legplates,35
25010,Conqueror's Helmet,35
25016,Shattered Hand Breastplate,36
25015,Shattered Hand Sabatons,27
25018,Shattered Hand Helmet,36
25017,Shattered Hand Gauntlets,27
25014,Shattered Hand Belt,27
25019,Shattered Hand Legplates,36
25023,Warlord's Sabatons,27
25021,Shattered Hand Vambraces,20
25020,Shattered Hand Epaulets,27
25022,Warlord's Iron-Girdle,27
25031,Silvermoon Royal Cloak,13
25024,Warlord's Iron-Breastplate,37
25032,Hellfire Cloak,14
25030,Silky Velvet Cloak,13
25025,Warlord's Iron-Gauntlets,27
25036,Boulderfist Cloak,17
25027,Warlord's Iron-Legplates,37
25028,Warlord's Iron-Epaulets,27
25037,Patched Cape,17
25035,Silver-Lined Cloak,16
25026,Warlord's Iron-Helm,37
25038,Forest Shroud,17
25029,Warlord's Iron-Vambraces,21
25042,Nether Cloak,20
25034,Elementalist Cloak,15
25033,Scavenger's Cloak,15
25040,Murkblood Cape,19
25039,Farseer Cloak,18
25041,Ambusher's Cloak,19
25045,Azurite Ring,13
25046,Spined Ring,14
25044,Rubellite Ring,13
25049,Scheelite Ring,16
25047,Tourmaline Loop,15
25048,Smoky Quartz Ring,15
25043,Amber Cape,21
25050,Moldavite Ring,17
25051,Blue Topaz Band,17
25052,Hauyne Ring,17
25059,Fire Opal Collar,13
25056,Almandine Ring,20
25053,Lazuli Ring,18
25054,Sodalite Band,19
25058,Anglesite Choker,13
25057,Amber Band,21
25063,Multi-Colored Beads,16
25061,Hiddenite Necklace,15
25064,Amethyst Pendant,17
25060,Sunstone Necklace,14
25062,Zircon Amulet,15
25066,Pink Sapphire Necklace,17
25055,Alexandrite Ring,19
25067,Diopside Beads,18
25065,Turquoise Brooch,17
25069,Epidote Stone Necklace,19
25068,Kunzite Necklace,19
25074,Telaari Shield,14
25070,Coral Beads,20
25072,Northman's Shield,13
25073,Emperor Shield,13
25071,Tanzanite Pendant,21
25077,Modani War-Shield,16
25081,Bayeaux Shield,18
25080,Spell-Breaker Shield,17
25076,Screaming Shield,15
25078,Zangari Shield,17
25075,Hardened Steel Shield,15
25087,Bleeding Eye,13
25082,Fel-Iron Shield,19
25079,Outland Shield,17
25084,Zeth'Gor Shield,20
25090,Slavehandler Rod,15
25089,Supplicant's Rod,15
25086,Dreamseeker Dandelion,13
25088,Laughing Skull Orb,14
25083,Smouldering Shield,19
25091,Mistyreed Torch,16
25085,Dragonscale Shield,21
25092,Consortium Crystal,17
25093,Shadow Council Orb,17
25094,Eldr'naan Scepter,17
25096,Elementalist Star,19
25099,Draenei Crystal Rod,21
25098,Tuurik Torch,20
25095,Archmage Orb,18
25097,Astralaan Orb,19
31369,Iceguard Breastplate,60
31370,Iceguard Leggings,60
31371,Iceguard Helm,50
31398,The Frozen Eye,35
31926,Frigid Band,18
31934,Frigid Charm,18
31935,Frigid Cloak,18
32594,Ogrela Test Tunic,37
35957,Farshire Robe,45
35956,Farshire Footpads,33
35962,Farshire Cuffs,25
35955,Farshire Belt,33
35960,Farshire Pants,45
35959,Farshire Hood,45
35958,Farshire Gloves,33
35964,Bloodspore Sandals,35
35961,Farshire Shoulderpads,33
35972,Mur'ghoul Boots,35
35969,Bloodspore Mantle,35
35970,Bloodspore Bracelets,26
35967,Bloodspore Hood,46
35965,Bloodspore Robe,46
35966,Bloodspore Gloves,35
35968,Bloodspore Leggings,46
35971,Mur'ghoul Girdle,35
35974,Mur'ghoul Handwraps,35
35963,Bloodspore Sash,35
35973,Mur'ghoul Robe,48
35977,Mur'ghoul Shoulderpads,35
35975,Mur'ghoul Cap,48
35978,Mur'ghoul Wristwraps,27
35983,Foothold Hood,50
35976,Mur'ghoul Leggings,48
35979,Foothold Belt,37
35981,Foothold Robe,50
35980,Foothold Boots,37
35985,Foothold Shoulderpads,37
35986,Foothold Cuffs,28
35987,Bristlepine Cord,39
35984,Foothold Pants,50
35982,Foothold Gloves,37
35988,Bristlepine Sandals,39
35989,Bristlepine Robe,52
35992,Bristlepine Leggings,52
35990,Bristlepine Handwraps,39
35993,Bristlepine Shoulderpads,39
36001,Voldrune Mantle,40
35995,Voldrune Sash,40
35999,Voldrune Crown,53
35997,Voldrune Robe,53
35991,Bristlepine Headpiece,52
35996,Voldrune Slippers,40
36004,Icemist Slippers,41
36003,Icemist Sash,41
36000,Voldrune Legs,53
36002,Voldrune Bracelets,30
35998,Voldrune Gloves,40
35994,Bristlepine Bracers,29
36005,Icemist Robe,56
36010,Icemist Bracelets,31
36006,Icemist Gloves,41
36007,Icemist Circlet,56
36011,Tethys Sash,43
36009,Icemist Mantle,41
36013,Tethys Robe,58
36008,Icemist Pants,56
36018,Tethys Bracelets,32
36015,Tethys Hood,58
36019,Aerie Belt,45
36016,Tethys Leggings,58
36017,Tethys Mantle,43
36012,Tethys Slippers,43
36020,Aerie Boots,45
36021,Aerie Robe,60
36023,Aerie Headpiece,60
36027,Oracle Belt,46
36022,Aerie Gloves,45
36014,Tethys Gloves,43
36024,Aerie Pants,60
36029,Oracle Robe,62
36025,Aerie Shoulderpads,45
36028,Oracle Slippers,46
36031,Oracle Circlet,62
36032,Oracle Leggings,62
36030,Oracle Gloves,46
36026,Aerie Bracers,33
36036,Condor Sandals,48
36038,Condor Gloves,48
36034,Oracle Bracelets,35
36033,Oracle Mantle,46
36041,Condor Shoulderpads,47
36037,Condor Robe,65
36035,Condor Belt,48
36040,Condor Pants,65
36039,Condor Headpiece,65
36045,Crystalsong Robe,67
36048,Crystalsong Leggings,67
36042,Condor Bindings,36
36043,Crystalsong Sash,50
36047,Crystalsong Crown,67
36050,Crystalsong Bracelets,37
36044,Crystalsong Slippers,50
36046,Crystalsong Gloves,50
36055,Vizier Hood,69
36056,Vizier Leggings,69
36053,Vizier Robe,69
36049,Crystalsong Mantle,50
36051,Vizier Sash,52
36054,Vizier Gloves,52
36057,Vizier Mantle,52
36061,Coldwraith Robe,72
36063,Coldwraith Cowl,72
36052,Vizier Slippers,52
36058,Vizier Bracelets,39
36064,Coldwraith Pants,72
36059,Coldwraith Sash,54
36062,Coldwraith Handwraps,54
36068,Daggercap Boots,33
36066,Coldwraith Bindings,40
36071,Daggercap Cover,45
36067,Daggercap Waistband,33
36060,Coldwraith Boots,54
36070,Daggercap Gloves,33
36072,Daggercap Trousers,45
36069,Daggercap Jerkin,45
36065,Coldwraith Mantle,54
36073,Daggercap Spaulders,33
36077,Winterfin Chestpiece,46
36075,Winterfin Cord,35
36079,Winterfin Cowl,46
36081,Winterfin Shoulderguards,35
36074,Daggercap Bracers,25
36078,Winterfin Gloves,35
36080,Winterfin Legguards,46
36083,Riplash Belt,35
36087,Riplash Cover,48
36084,Riplash Boots,35
36086,Riplash Gloves,35
36082,Winterfin Bindings,26
36085,Riplash Jerkin,48
36076,Winterfin Boots,35
36090,Riplash Wristguards,27
36092,Wildevar Boots,37
36093,Wildevar Tunic,50
36088,Riplash Leggings,48
36091,Wildevar Belt,37
36089,Riplash Pauldrons,35
36094,Wildevar Gloves,37
36097,Wildevar Shoulderguards,37
36100,Caribou Boots,39
36095,Wildevar Cap,50
36096,Wildevar Pants,50
36102,Caribou Gloves,39
36098,Wildevar Armguards,28
36099,Caribou Waistband,39
36104,Caribou Britches,52
36101,Caribou Vest,52
36105,Caribou Shoulders,39
36103,Caribou Cowl,52
36108,Vileprey Boots,40
36106,Caribou Bands,29
36109,Vileprey Armor,53
36107,Vileprey Cord,40
36113,Vileprey Pauldrons,40
36112,Vileprey Leggings,53
36111,Vileprey Hood,53
36110,Vileprey Gloves,40
36116,Taunka Boots,41
36117,Taunka Tunic,56
36118,Taunka Gloves,41
36120,Taunka Legguards,56
36114,Vileprey Bracers,30
36127,Muradin Hood,58
36121,Taunka Spaulders,41
36115,Taunka Belt,41
36119,Taunka Hat,56
36125,Muradin Chestpiece,58
36124,Muradin Boots,43
36126,Muradin Gloves,43
36123,Muradin Belt,43
36129,Muradin Shoulders,43
36130,Muradin Bindings,32
36133,Wolverine Jerkin,60
36122,Taunka Armguards,31
36128,Muradin Pants,58
36137,Wolverine Shoulderguards,45
36132,Wolverine Boots,45
36134,Wolverine Gloves,45
36135,Wolverine Cap,60
36138,Wolverine Armguards,33
36131,Wolverine Girdle,45
36140,Ghrino Boots,46
36139,Ghrino Belt,46
36136,Wolverine Leggings,60
36145,Ghrino Pauldrons,46
36143,Ghrino Cover,62
36142,Ghrino Gloves,46
36141,Ghrino Vest,62
36144,Ghrino Britches,62
36146,Ghrino Bracers,35
36151,Pygmy Helmet,65
36148,Pygmy Boots,48
36152,Pygmy Pants,65
36147,Pygmy Belt,48
36155,Wendigo Girdle,50
36154,Pygmy Bindings,36
36150,Pygmy Gloves,48
36159,Wendigo Hood,67
36149,Pygmy Tunic,65
36157,Wendigo Chestpiece,67
36153,Pygmy Shoulders,48
36160,Wendigo Legguards,67
36161,Wendigo Pauldrons,50
36158,Wendigo Gloves,50
36164,Webspinner Boots,52
36156,Wendigo Boots,50
36165,Webspinner Vest,69
36167,Webspinner Hood,69
36163,Webspinner Cord,52
36166,Webspinner Gloves,52
36162,Wendigo Bands,37
36169,Webspinner Shoulderguards,52
36168,Webspinner Leggings,69
36172,Geist Boots,54
36171,Geist Belt,54
36173,Geist Tunic,72
36174,Geist Gloves,54
36170,Webspinner Bindings,39
36177,Geist Shoulders,54
36179,Garmaul Waistband,33
36175,Geist Hood,72
36182,Garmaul Fists,33
36176,Geist Legguards,72
36183,Garmaul Helmet,45
36186,Garmaul Bracers,25
36180,Garmaul Footwraps,33
36185,Garmaul Shoulderguards,33
36178,Geist Wristguards,40
36181,Garmaul Chestpiece,45
36184,Garmaul Legguards,45
36187,Njord Belt,35
36189,Njord Chain Vest,46
36191,Njord Helm,46
36190,Njord Gauntlets,35
36194,Njord Bracers,26
36192,Njord Leggings,46
36193,Njord Shoulderguards,35
36188,Njord Boots,35
36196,Skom Greaves,35
36197,Skom Chain Vest,48
36198,Skom Gloves,35
36195,Skom Stitched-Belt,35
36201,Skom Spaulders,35
36199,Skom Helm,48
36200,Skom Leggings,48
36203,Nifflevar Girdle,37
36202,Skom Bracers,27
36204,Nifflevar Boots,37
36206,Nifflevar Gloves,37
36207,Nifflevar Helmet,50
36205,Nifflevar Chestpiece,50
36209,Nifflevar Shoulderguards,37
36210,Nifflevar Bindings,28
36211,Orca Belt,39
36208,Nifflevar Legguards,50
36215,Orca Helmet,52
36217,Orca Spaulders,39
36214,Orca Fists,39
36212,Orca Footwraps,39
36213,Orca Armor,52
36218,Orca Bindings,29
36216,Orca Legwraps,52
36222,Amberpine Gauntlets,40
36219,Amberpine Girdle,40
36225,Amberpine Spaulders,40
36223,Amberpine Helmet,53
36224,Amberpine Legguards,53
36221,Amberpine Chain Vest,53
36220,Amberpine Greaves,40
36231,Trapper Helm,56
36226,Amberpine Bracers,30
36229,Trapper Chain Vest,56
36233,Trapper Shoulderguards,41
36230,Trapper Gloves,41
36237,Shoveltusk Breastplate,58
36228,Trapper Footwraps,41
36235,Shoveltusk Waistband,43
36238,Shoveltusk Gauntlets,43
36227,Trapper Belt,41
36234,Trapper Bracers,31
36239,Shoveltusk Helmet,58
36241,Shoveltusk Mantle,43
36236,Shoveltusk Greaves,43
36243,Mammoth Girdle,45
36240,Shoveltusk Legguards,58
36242,Shoveltusk Bindings,32
36245,Mammoth Chestpiece,60
36232,Trapper Leggings,56
36244,Mammoth Boots,45
36249,Mammoth Spaulders,45
36246,Mammoth Fists,45
36248,Mammoth Legwraps,60
36251,Wolvar Belt,46
36252,Wolvar Greaves,46
36250,Mammoth Bindings,33
36247,Mammoth Helm,60
36255,Wolvar Helmet,62
36256,Wolvar Legguards,62
36257,Wolvar Shoulderguards,46
36259,Cormorant Waistband,48
36254,Wolvar Fists,46
36253,Wolvar Armor,62
36261,Cormorant Chain Vest,65
36263,Cormorant Helm,65
36258,Wolvar Bindings,35
36264,Cormorant Leggings,65
36265,Cormorant Mantle,48
36262,Cormorant Gloves,48
36267,Ulduar Girdle,50
36260,Cormorant Footwraps,48
36266,Cormorant Bracelets,36
36274,Ulduar Bracers,37
36273,Ulduar Shoulderguards,50
36272,Ulduar Legguards,67
36271,Ulduar Helm,67
36269,Ulduar Breastplate,67
36268,Ulduar Greaves,50
36275,Spiderlord Belt,52
36270,Ulduar Gauntlets,50
36279,Spiderlord Helm,69
36277,Spiderlord Chestpiece,69
36280,Spiderlord Legguards,69
36276,Spiderlord Boots,52
36287,Spectral Helmet,72
36278,Spiderlord Gauntlets,52
36281,Spiderlord Spaulders,52
36295,Westguard Helm,45
36283,Spectral Waistband,54
36289,Spectral Mantle,54
36290,Spectral Bracelets,40
36282,Spiderlord Bracers,39
36288,Spectral Legwraps,72
36284,Spectral Greaves,54
36286,Spectral Gauntlets,54
36285,Spectral Armor,72
36293,Westguard Armor,45
36292,Westguard Greaves,33
36297,Westguard Epaulets,33
36298,Westguard Bracers,25
36291,Westguard Belt,33
36296,Westguard Legplates,45
36300,Coldrock Sabatons,35
36294,Westguard Gloves,33
36299,Coldrock Girdle,35
36303,Coldrock Helmet,46
36301,Coldrock Breastplate,46
36302,Coldrock Gauntlets,35
36308,Baleheim Greaves,35
36305,Coldrock Pauldrons,35
36304,Coldrock Legplates,46
36306,Coldrock Bracers,26
36307,Baleheim Belt,35
36311,Baleheim Helmet,48
36314,Baleheim Vambraces,27
36310,Baleheim Gloves,35
36316,Wyrmskull Sabatons,37
36309,Baleheim Armor,48
36312,Baleheim Legguards,48
36313,Baleheim Epaulets,35
36319,Wyrmskull Helm,50
36322,Wyrmskull Bracers,28
36317,Wyrmskull Breastplate,50
36315,Wyrmskull Girdle,37
36318,Wyrmskull Gauntlets,37
36321,Wyrmskull Epaulets,37
36323,Halgrind Belt,39
36327,Halgrind Helmet,52
36320,Wyrmskull Legplates,50
36324,Halgrind Greaves,39
36326,Halgrind Gloves,39
36330,Halgrind Bracers,29
36325,Halgrind Carapace,52
36334,Grizzlemaw Gauntlets,40
36331,Grizzlemaw Belt,40
36328,Halgrind Legplates,52
36336,Grizzlemaw Legplates,53
36335,Grizzlemaw Helm,53
36338,Grizzlemaw Vambraces,30
36329,Halgrind Epaulets,39
36332,Grizzlemaw Sabatons,40
36333,Grizzlemaw Armor,53
36341,Bloodmar Breastplate,56
36339,Bloodmar Girdle,41
36337,Grizzlemaw Epaulets,40
36345,Bloodmar Pauldrons,41
36343,Bloodmar Helm,56
36344,Bloodmar Legplates,56
36340,Bloodmar Sabatons,41
36342,Bloodmar Gauntlets,41
36346,Bloodmar Vambraces,31
36347,Jormungar Girdle,43
36349,Jormungar Breastplate,58
36351,Jormungar Helmet,58
36350,Jormungar Gauntlets,43
36348,Jormungar Sabatons,43
36355,Frostpaw Belt,45
36353,Jormungar Pauldrons,43
36352,Jormungar Legplates,58
36359,Frostpaw Helmet,60
36358,Frostpaw Gauntlets,45
36356,Frostpaw Greaves,45
36362,Frostpaw Vambraces,33
36354,Jormungar Bracers,32
36360,Frostpaw Legguards,60
36357,Frostpaw Armor,60
36367,Magnataur Helm,62
36364,Magnataur Sabatons,46
36361,Frostpaw Epaulets,45
36369,Magnataur Pauldrons,46
36368,Magnataur Legplates,62
36363,Magnataur Girdle,46
36373,Kraken Breastplate,65
36371,Kraken Girdle,48
36366,Magnataur Gauntlets,46
36374,Kraken Gauntlets,48
36375,Kraken Helm,65
36377,Kraken Epaulets,48
36370,Magnataur Bracers,35
36365,Magnataur Breastplate,62
36372,Kraken Greaves,48
36376,Kraken Legplates,65
36380,Golem Sabatons,50
36378,Kraken Vambraces,36
36379,Golem Girdle,50
36382,Golem Gauntlets,50
36383,Golem Helmet,67
36385,Golem Pauldrons,50
36391,Revenant Helmet,69
36381,Golem Breastplate,67
36388,Revenant Greaves,52
36389,Revenant Armor,69
36387,Revenant Belt,52
36386,Golem Vambraces,37
36390,Revenant Gauntlets,52
36392,Revenant Legguards,69
36393,Revenant Epaulets,52
36396,Necropolis Sabatons,54
36384,Golem Legplates,67
36395,Necropolis Girdle,54
36397,Necropolis Breastplate,72
36405,Double Cape,27
36399,Necropolis Helm,72
36401,Necropolis Epaulets,54
36394,Revenant Bracers,39
36403,Riding Cloak,25
36398,Necropolis Gloves,54
36400,Necropolis Legplates,72
36406,Wayfarer's Cloak,28
36402,Necropolis Vambraces,40
36407,Lace-Trimmed Cloak,29
36408,Reversible Wool Cape,30
36412,Fleece Cloak,35
36410,Caribou Skin Cloak,32
36413,Dyed Taffeta Cape,36
36404,Suede Cloak,26
36409,Crushed Velvet Cloak,31
36411,Brawler's Cape,33
36418,Floral Loop,26
36417,Oval Ring,25
36415,Vintage Satin Cloak,39
36416,Regal Cloak,40
36421,Devotional Band,29
36414,Mammoth Fur Cloak,37
36419,Glass Ring,27
36422,Filigree Ring,30
36424,Cameo Ring,32
36425,Gold Twisted Ring,33
36430,Puzzle Ring,40
36427,Engraved Ring,36
36420,Gemstone Ring,28
36423,Posy Ring,31
36429,Spur Ring,39
36426,Stirrup Ring,35
36428,Bouquet Ring,37
36432,Silver Rope Chain,26
36431,Painted Wooden Beads,25
36433,Snake Entwined Necklace,27
36434,Gold Mesh Collar,28
36436,Jasper Bead Necklace,30
36441,Pearl Woven Choker,36
36435,Embroidered Pendant,29
36437,Figaro Chain,31
36438,Shark-Toothed Necklace,32
36440,Gold Clasped Chain,35
36444,Ice Encrusted Amulet,40
36442,Silken Cord Amulet,37
36445,Riveted Shield,19
36439,Serpentine Chain,33
36446,Forged-Iron Shield,20
36443,Platinum Medallion,39
36447,Kaskala Buckler,21
36451,Kamagua Shield,24
36452,Spoke Shield,25
36453,Embossed Brazen Shield,26
36450,Strapped Heater Shield,23
36449,Vrykul Shield,22
36448,Spiked Targe,21
36456,Icy Kite Shield,29
36455,Plated Bulwark,28
36457,Ivory Shield,30
36454,Domed Buckler,27
36465,Evergreen Branch,24
36458,Frozen Shield,31
36461,Demon-Skull Orb,21
36460,Northern Star,20
36464,Darkened Scepter,23
36467,Reflecting Sphere,26
36466,Facetted Orb,25
36470,Gilded Scepter,29
36463,Polished Orb,22
36459,Icy Orb,19
36462,Coldarra Crystal,21
36468,Glistening Star,27
36471,Ice Crystal,30
36472,Carved Rod,31
36469,Lidless Orb,28
37154,Shadowy Gloves,2
39322,Shroud of the North Wind,5
43585,Glacial Slippers,86
43582,Titanium Frostguard Ring,68
43584,Glacial Waistband,85
43587,Icebane Girdle,86
43583,Glacial Robe,115
43588,Icebane Treads,86
43586,Icebane Chestguard,115
43593,Icy Scale Chestguard,115
43591,Polar Cord,86
43590,Polar Vest,115
43595,Icy Scale Boots,86
43594,Icy Scale Belt,86
43592,Polar Boots,86
49319,Dragonstalker's Helmet,10
49315,Nemesis Skullcover,10
49318,Netherwind Hood,10
49326,Stormrage Hood,10
49321,Greathelm of Wrath,10
49324,Judgement Helmet,10
49327,Stormrage Antlers,10
49322,Bloodfang Mask,10
49320,Faceguard of Wrath,10
49328,Stormrage Helm,10
49323,Judgement Cover,10
49329,Gaze of Ten Storms,10
49325,Judgement Helm,10
49330,Cowl of Ten Storms,10
49332,Frostforged Ringhelm,10
49331,Coif of Ten Storms,10
49333,Frostforged Helmet,10
49467,Frostforged Greathelm,10
49466,Frostforged Helm,10
49473,Stormrage Cover,10
49468,Helm of Ten Storms,10
49469,Crown of Ten Storms,10
49470,Helmet of Ten Storms,10
49472,Stormrage Crown,10
49471,Stormrage Coverlet,10
49477,Bloodfang Hood,10
49478,Helmet of Wrath,10
49480,Dragonstalker's Helm,10
49479,Helm of Wrath,10
49474,Judgement Hood,10
49481,Netherwind Crown,10
49476,Judgement Crown,10
49475,Judgement Heaume,10
49484,Nemesis Skullcap,10
